"","x"
"1","subject"
"2","enron"
"3","cc"
"4","pm"
"5","please"
"6","2001"
"7","forward"
"8","thanks"
"9","ect"
"10","know"
"11","com"
"12","hou"
"13","get"
"14","would"
"15","sent"
"16","2000"
"17","10"
"18","message"
"19","need"
"20","time"
"21","call"
"22","11"
"23","let"
"24","jeff"
"25","corp"
"26","attach"
"27","re"
"28","original"
"29","mark"
"30","12"
"31","make"
"32","may"
"33","work"
"34","01"
"35","also"
"36","go"
"37","date"
"38","one"
"39","like"
"40","question"
"41","see"
"42","sara"
"43","fax"
"44","send"
"45","713"
"46","want"
"47","new"
"48","regard"
"49","best"
"50","think"
"51","agreement"
"52","00"
"53","week"
"54","follow"
"55","receive"
"56","could"
"57","30"
"58","05"
"59","use"
"60","09"
"61","shackleton"
"62","houston"
"63","04"
"64","mail"
"65","03"
"66","change"
"67","issue"
"68","copy"
"69","take"
"70","information"
"71","02"
"72","853"
"73","group"
"74","give"
"75","jones"
"76","day"
"77","look"
"78","well"
"79","credit"
"80","power"
"81","meeting"
"82","list"
"83","legal"
"84","review"
"85","08"
"86","contact"
"87","na"
"88","dasovich"
"89","john"
"90","provide"
"91","include"
"92","back"
"93","office"
"94","energy"
"95","today"
"96","taylor"
"97","last"
"98","david"
"99","phone"
"100","tana"
"101","note"
"102","company"
"103","service"
"104","monday"
"105","06"
"106","email"
"107","friday"
"108","america"
"109","susan"
"110","thank"
"111","number"
"112","contract"
"113","request"
"114","say"
"115","im"
"116","07"
"117","help"
"118","next"
"119","dont"
"120","detail"
"121","team"
"122","ask"
"123","business"
"124","646"
"125","two"
"126","north"
"127","comment"
"128","trade"
"129","trading"
"130","smith"
"131","schedule"
"132","good"
"133","thursday"
"134","plan"
"135","name"
"136","15"
"137","first"
"138","market"
"139","20"
"140","gas"
"141","file"
"142","year"
"143","come"
"144","deal"
"145","find"
"146","try"
"147","wednesday"
"148","still"
"149","tuesday"
"150","price"
"151","street"
"152","financial"
"153","meet"
"154","state"
"155","talk"
"156","place"
"157","california"
"158","much"
"159","scott"
"160","since"
"161","people"
"162","late"
"163","bill"
"164","report"
"165","sure"
"166","document"
"167","draft"
"168","paul"
"169","master"
"170","set"
"171","counterparty"
"172","transaction"
"173","ill"
"174","way"
"175","14"
"176","end"
"177","16"
"178","form"
"179","13"
"180","october"
"181","add"
"182","customer"
"183","order"
"184","system"
"185","address"
"186","25"
"187","22"
"188","calendar"
"189","term"
"190","17"
"191","21"
"192","tomorrow"
"193","require"
"194","3490"
"195","louise"
"196","18"
"197","process"
"198","net"
"199","hope"
"200","thing"
"201","point"
"202","steve"
"203","right"
"204","per"
"205","leave"
"206","conference"
"207","1400"
"208","possible"
"209","karen"
"210","mike"
"211","sign"
"212","inc"
"213","isda"
"214","put"
"215","richard"
"216","start"
"217","soon"
"218","texas"
"219","77002"
"220","standard"
"221","19"
"222","many"
"223","23"
"224","tom"
"225","available"
"226","26"
"227","fyi"
"228","27"
"229","party"
"230","24"
"231","doc"
"232","month"
"233","however"
"234","product"
"235","approval"
"236","long"
"237","execute"
"238","mary"
"239","and"
"240","keep"
"241","update"
"242","discus"
"243","31"
"244","robert"
"245","28"
"246","access"
"247","description"
"248","stephanie"
"249","morning"
"250","support"
"251","29"
"252","global"
"253","offer"
"254","already"
"255","michael"
"256","might"
"257","move"
"258","current"
"259","high"
"260","cost"
"261","problem"
"262","agree"
"263","ena"
"264","able"
"265","tell"
"266","additional"
"267","anything"
"268","kitchen"
"269","return"
"270","continue"
"271","discuss"
"272","resource"
"273","interest"
"274","utility"
"275","complete"
"276","5620"
"277","confirm"
"278","response"
"279","letter"
"280","central"
"281","base"
"282","rate"
"283","open"
"284","mailto"
"285","whether"
"286","great"
"287","lon"
"288","eb"
"289","or"
"290","hold"
"291","direct"
"292","entry"
"293","bob"
"294","outlook"
"295","davis"
"296","another"
"297","migration"
"298","jam"
"299","etc"
"300","november"
"301","propose"
"302","check"
"303","free"
"304","believe"
"305","future"
"306","sally"
"307","frank"
"308","case"
"309","must"
"310","dave"
"311","fw"
"312","january"
"313","entity"
"314","buy"
"315","part"
"316","either"
"317","reference"
"318","prepare"
"319","pay"
"320","joe"
"321","feel"
"322","create"
"323","wholesale"
"324","around"
"325","line"
"326","together"
"327","respond"
"328","mara"
"329","yet"
"330","concern"
"331","50"
"332","http"
"333","approve"
"334","appointment"
"335","distribution"
"336","intend"
"337","greg"
"338","william"
"339","2002"
"340","even"
"341","id"
"342","eol"
"343","person"
"344","risk"
"345","due"
"346","early"
"347","anyone"
"348","position"
"349","something"
"350","beck"
"351","jim"
"352","revise"
"353","law"
"354","chairperson"
"355","final"
"356","run"
"357","lisa"
"358","management"
"359","general"
"360","show"
"361","hear"
"362","steffes"
"363","99"
"364","account"
"365","commission"
"366","alan"
"367","september"
"368","ive"
"369","really"
"370","communication"
"371","rick"
"372","several"
"373","limit"
"374","purchase"
"375","currently"
"376","version"
"377","others"
"378","ca"
"379","swap"
"380","basis"
"381","december"
"382","enronxgate"
"383","everyone"
"384","hour"
"385","ee"
"386","allow"
"387","understand"
"388","short"
"389","expect"
"390","result"
"391","public"
"392","confidential"
"393","contain"
"394","done"
"395","within"
"396","attend"
"397","london"
"398","suggest"
"399","effort"
"400","cover"
"401","without"
"402","close"
"403","yesterday"
"404","online"
"405","discussion"
"406","view"
"407","www"
"408","type"
"409","confirmation"
"410","room"
"411","prior"
"412","advise"
"413","guy"
"414","tim"
"415","addition"
"416","3801a"
"417","bradford"
"418","march"
"419","language"
"420","member"
"421","in"
"422","book"
"423","share"
"424","project"
"425","probably"
"426","hi"
"427","data"
"428","staff"
"429","steven"
"430","sell"
"431","chris"
"432","mean"
"433","notice"
"434","shapiro"
"435","else"
"436","amount"
"437","increase"
"438","appreciate"
"439","idea"
"440","sue"
"441","president"
"442","sale"
"443","45"
"444","enter"
"445","williams"
"446","opportunity"
"447","kevin"
"448","capital"
"449","three"
"450","the"
"451","seem"
"452","department"
"453","write"
"454","home"
"455","someone"
"456","electricity"
"457","cant"
"458","specific"
"459","clear"
"460","option"
"461","decision"
"462","event"
"463","brent"
"464","immediately"
"465","via"
"466","action"
"467","exchange"
"468","appear"
"469","40"
"470","remain"
"471","little"
"472","afternoon"
"473","begin"
"474","operation"
"475","read"
"476","relate"
"477","error"
"478","large"
"479","carol"
"480","enron_development"
"481","necessary"
"482","assume"
"483","ok"
"484","employee"
"485","non"
"486","sorry"
"487","otherwise"
"488","bring"
"489","co"
"490","distribute"
"491","february"
"492","consider"
"493","appropriate"
"494","didnt"
"495","firm"
"496","delete"
"497","big"
"498","leslie"
"499","lot"
"500","matter"
"501","individual"
"502","san"
"503","info"
"504","full"
"505","regulatory"
"506","area"
"507","purpose"
"508","june"
"509","april"
"510","past"
"511","side"
"512","speak"
"513","likely"
"514","policy"
"515","night"
"516","thomas"
"517","folk"
"518","effective"
"519","reason"
"520","proposal"
"521","counsel"
"522","electric"
"523","enrononline"
"524","ken"
"525","ees"
"526","july"
"527","lawyer"
"528","lead"
"529","answer"
"530","yes"
"531","ferc"
"532","associate"
"533","thought"
"534","senior"
"535","trader"
"536","focus"
"537","respect"
"538","structure"
"539","mention"
"540","moran"
"541","exist"
"542","program"
"543","attachment"
"544","jan"
"545","kean"
"546","page"
"547","release"
"548","far"
"549","commercial"
"550","though"
"551","upon"
"552","dan"
"553","supply"
"554","happy"
"555","level"
"556","000"
"557","heard"
"558","second"
"559","lavorato"
"560","physical"
"561","ensure"
"562","determine"
"563","although"
"564","certain"
"565","important"
"566","least"
"567","along"
"568","youre"
"569","control"
"570","counterparties"
"571","boyd"
"572","head"
"573","york"
"574","hard"
"575","harry"
"576","kaufman"
"577","million"
"578","marketing"
"579","kelly"
"580","tanya"
"581","thats"
"582","director"
"583","44"
"584","floor"
"585","cannot"
"586","35"
"587","chance"
"588","linda"
"589","location"
"590","notify"
"591","payment"
"592","couple"
"593","41"
"594","turn"
"595","hunter"
"596","reply"
"597","edison"
"598","36"
"599","enrons"
"600","application"
"601","involve"
"602","indicate"
"603","press"
"604","charge"
"605","word"
"606","key"
"607","weekend"
"608","center"
"609","click"
"610","therefore"
"611","minute"
"612","site"
"613","53"
"614","tx"
"615","up"
"616","43"
"617","52"
"618","join"
"619","wait"
"620","debbie"
"621","different"
"622","europe"
"623","fact"
"624","46"
"625","reach"
"626","news"
"627","eric"
"628","committee"
"629","commodity"
"630","cash"
"631","post"
"632","32"
"633","58"
"634","conversation"
"635","development"
"636","pg"
"637","old"
"638","47"
"639","manager"
"640","decide"
"641","panus"
"642","rule"
"643","st"
"644","total"
"645","gov"
"646","status"
"647","bank"
"648","accept"
"649","record"
"650","ph"
"651","governor"
"652","33"
"653","august"
"654","desk"
"655","develop"
"656","every"
"657","samuel"
"658","39"
"659","55"
"660","facility"
"661","directly"
"662","rather"
"663","assistant"
"664","brown"
"665","42"
"666","lambert"
"667","never"
"668","solution"
"669","value"
"670","recent"
"671","forster"
"672","low"
"673","government"
"674","actually"
"675","activity"
"676","unless"
"677","sound"
"678","corporation"
"679","brackett"
"680","behalf"
"681","hall"
"682","54"
"683","outside"
"684","period"
"685","provision"
"686","negotiate"
"687","material"
"688","51"
"689","course"
"690","canada"
"691","present"
"692","puc"
"693","recipient"
"694","brian"
"695","100"
"696","37"
"697","48"
"698","345"
"699","38"
"700","here"
"701","international"
"702","joseph"
"703","59"
"704","natural"
"705","jeffrey"
"706","49"
"707","user"
"708","manage"
"709","correct"
"710","brant"
"711","act"
"712","hearing"
"713","requirement"
"714","board"
"715","unit"
"716","fine"
"717","section"
"718","security"
"719","francisco"
"720","amendment"
"721","submit"
"722","happen"
"723","attorney"
"724","become"
"725","do"
"726","clark"
"727","small"
"728","ago"
"729","demand"
"730","pass"
"731","havent"
"732","always"
"733","presentation"
"734","potential"
"735","rohauer"
"736","jennifer"
"737","doesnt"
"738","56"
"739","job"
"740","peter"
"741","34"
"742","57"
"743","summary"
"744","less"
"745","link"
"746","memo"
"747","visit"
"748","top"
"749","participate"
"750","recently"
"751","white"
"752","item"
"753","miss"
"754","enough"
"755","aol"
"756","tax"
"757","various"
"758","ed"
"759","real"
"760","dynegy"
"761","summer"
"762","capacity"
"763","industry"
"764","kind"
"765","step"
"766","prohibit"
"767","ready"
"768","comnes"
"769","handle"
"770","settlement"
"771","track"
"772","jason"
"773","executive"
"774","approach"
"775","responsible"
"776","spoke"
"777","affiliate"
"778","administration"
"779","money"
"780","internal"
"781","experience"
"782","house"
"783","paper"
"784","belden"
"785","relevant"
"786","sender"
"787","web"
"788","deliver"
"789","nothing"
"790","reserve"
"791","disclosure"
"792","george"
"793","schott"
"794","rob"
"795","website"
"796","maybe"
"797","org"
"798","affair"
"799","plant"
"800","lynn"
"801","role"
"802","transmission"
"803","significant"
"804","tel"
"805","james"
"806","benefit"
"807","campbell"
"808","weather"
"809","operate"
"810","seller"
"811","generation"
"812","delivery"
"813","officer"
"814","serve"
"815","russell"
"816","internet"
"817","sever"
"818","bailey"
"819","lunch"
"820","mind"
"821","coordinate"
"822","crisis"
"823","west"
"824","suggestion"
"825","generator"
"826","gray"
"827","harris"
"828","vice"
"829","database"
"830","network"
"831","proceed"
"832","participant"
"833","initial"
"834","similar"
"835","wed"
"836","corporate"
"837","consumer"
"838","federal"
"839","gary"
"840","reduce"
"841","chief"
"842","nelson"
"843","stay"
"844","vacation"
"845","pretty"
"846","resolve"
"847","elizabeth"
"848","jdasovic"
"849","attempt"
"850","billion"
"851","cap"
"852","marie"
"853","mid"
"854","statement"
"855","to"
"856","voice"
"857","example"
"858","identify"
"859","apply"
"860","cynthia"
"861","dear"
"862","session"
"863","sheila"
"864","there"
"865","delay"
"866","douglas"
"867","cell"
"868","dwr"
"869","denne"
"870","reflect"
"871","establish"
"872","lose"
"873","finance"
"874","sacramento"
"875","away"
"876","derivative"
"877","hand"
"878","cal"
"879","clair"
"880","perhaps"
"881","special"
"882","condition"
"883","daily"
"884","documentation"
"885","duke"
"886","ever"
"887","pdx"
"888","andy"
"889","fund"
"890","authority"
"891","wont"
"892","raise"
"893","transfer"
"894","llc"
"895","415"
"896","wish"
"897","select"
"898","accord"
"899","pas"
"900","cpuc"
"901","investment"
"902","hansen"
"903","larry"
"904","asset"
"905","attention"
"906","ted"
"907","independent"
"908","aware"
"909","christopher"
"910","love"
"911","print"
"912","pick"
"913","announce"
"914","cook"
"915","obtain"
"916","kingerski"
"917","bit"
"918","situation"
"919","finalize"
"920","daniel"
"921","diamond"
"922","amend"
"923","saturday"
"924","guaranty"
"925","analyst"
"926","fill"
"927","kim"
"928","sit"
"929","evidence"
"930","for"
"931","format"
"932","reves"
"933","filing"
"934","allen"
"935","analysis"
"936","calpine"
"937","electronic"
"938","quick"
"939","telephone"
"940","four"
"941","hendry"
"942","molly"
"943","negotiation"
"944","asap"
"945","world"
"946","ginger"
"947","spot"
"948","advance"
"949","dinner"
"950","stephen"
"951","responsibility"
"952","drop"
"953","instead"
"954","rest"
"955","personnel"
"956","suite"
"957","five"
"958","et"
"959","remove"
"960","800"
"961","cheryl"
"962","light"
"963","password"
"964","shall"
"965","drive"
"966","particular"
"967","vote"
"968","which"
"969","fix"
"970","southern"
"971","lee"
"972","push"
"973","sandra"
"974","sense"
"975","importance"
"976","interested"
"977","lesli"
"978","fall"
"979","water"
"980","watch"
"981","calger"
"982","brief"
"983","effect"
"984","stock"
"985","bad"
"986","build"
"987","guarantee"
"988","quote"
"989","bruce"
"990","understanding"
"991","finally"
"992","1999"
"993","bond"
"994","strictly"
"995","tracy"
"996","technology"
"997","assign"
"998","carolyn"
"999","weve"
"1000","everything"
"1001","212"
"1002","pipeline"
"1003","previously"
"1004","bankruptcy"
"1005","lay"
"1006","assistance"
"1007","budget"
"1008","separate"
"1009","curry"
"1010","evening"
"1011","except"
"1012","agency"
"1013","ahead"
"1014","computer"
"1015","on"
"1016","play"
"1017","occur"
"1018","among"
"1019","ann"
"1020","client"
"1021","quickly"
"1022","sarah"
"1023","locate"
"1024","force"
"1025","content"
"1026","dernehl"
"1027","dollar"
"1028","figure"
"1029","veronica"
"1030","haedicke"
"1031","hardy"
"1032","assignment"
"1033","shelley"
"1034","source"
"1035","confidentiality"
"1036","roger"
"1037","ability"
"1038","pacific"
"1039","nancy"
"1040","major"
"1041","mccubbin"
"1042","edu"
"1043","execution"
"1044","property"
"1045","sunday"
"1046","termination"
"1047","incorporate"
"1048","remember"
"1049","rodriguez"
"1050","cross"
"1051","launch"
"1052","earlier"
"1053","estimate"
"1054","resolution"
"1055","goal"
"1056","black"
"1057","clean"
"1058","out"
"1059","previous"
"1060","direction"
"1061","fee"
"1062","difference"
"1063","average"
"1064","claim"
"1065","supplier"
"1066","critical"
"1067","face"
"1068","palmer"
"1069","represent"
"1070","agenda"
"1071","hey"
"1072","ii"
"1073","opinion"
"1074","maureen"
"1075","code"
"1076","based"
"1077","revenue"
"1078","hesitate"
"1079","strategy"
"1080","simply"
"1081","impact"
"1082","retail"
"1083","assist"
"1084","building"
"1085","care"
"1086","legislative"
"1087","official"
"1088","organization"
"1089","research"
"1090","inform"
"1091","johnson"
"1092","us"
"1093","seek"
"1094","stop"
"1095","legislature"
"1096","near"
"1097","explain"
"1098","doug"
"1099","longer"
"1100","michelle"
"1101","hopefully"
"1102","sheri"
"1103","travel"
"1104","interview"
"1105","iso"
"1106","donna"
"1107","oxley"
"1108","main"
"1109","blue"
"1110","rely"
"1111","stacey"
"1112","trip"
"1113","cp"
"1114","eb3801a"
"1115","senate"
"1116","south"
"1117","avoid"
"1118","chairman"
"1119","whalley"
"1120","wood"
"1121","sheet"
"1122","unable"
"1123","authorize"
"1124","samantha"
"1125","laura"
"1126","local"
"1127","difficult"
"1128","generate"
"1129","jay"
"1130","pull"
"1131","sort"
"1132","test"
"1133","dial"
"1134","kimberly"
"1135","article"
"1136","function"
"1137","justin"
"1138","prefer"
"1139","recommend"
"1140","privilege"
"1141","nice"
"1142","x3"
"1143","weekly"
"1144","cut"
"1145","fail"
"1146","shortly"
"1147","ubs"
"1148","holiday"
"1149","hr"
"1150","class"
"1151","american"
"1152","andrea"
"1153","edward"
"1154","leader"
"1155","fun"
"1156","500"
"1157","across"
"1158","country"
"1159","design"
"1160","private"
"1161","procedure"
"1162","refer"
"1163","implement"
"1164","mr"
"1165","live"
"1166","earthlink"
"1167","volume"
"1168","jean"
"1169","personal"
"1170","progress"
"1171","plus"
"1172","andrew"
"1173","bernice"
"1174","bid"
"1175","bradley"
"1176","break"
"1177","fully"
"1178","third"
"1179","miller"
"1180","ny"
"1181","city"
"1182","portland"
"1183","priority"
"1184","produce"
"1185","flow"
"1186","express"
"1187","outstanding"
"1188","verify"
"1189","welcome"
"1190","wilson"
"1191","gmssr"
"1192","invite"
"1193","murphy"
"1194","corman"
"1195","beth"
"1196","uk"
"1197","obviously"
"1198","oil"
"1199","pricing"
"1200","roll"
"1201","arrange"
"1202","debt"
"1203","load"
"1204","guess"
"1205","helpful"
"1206","jack"
"1207","alternative"
"1208","arrangement"
"1209","pending"
"1210","sempra"
"1211","anne"
"1212","broker"
"1213","916"
"1214","whats"
"1215","smara"
"1216","national"
"1217","game"
"1218","investor"
"1219","quite"
"1220","easy"
"1221","equity"
"1222","de"
"1223","obligation"
"1224","whole"
"1225","alamo"
"1226","arrive"
"1227","beginning"
"1228","table"
"1229","tony"
"1230","conflict"
"1231","espinoza"
"1232","paragraph"
"1233","reminder"
"1234","representative"
"1235","protect"
"1236","specifically"
"1237","western"
"1238","le"
"1239","barbara"
"1240","kay"
"1241","fred"
"1242","pat"
"1243","mtg"
"1244","isnt"
"1245","strong"
"1246","court"
"1247","annex"
"1248","measure"
"1249","save"
"1250","stand"
"1251","touch"
"1252","canadian"
"1253","as"
"1254","charles"
"1255","claudia"
"1256","signature"
"1257","hop"
"1258","martin"
"1259","sce"
"1260","spend"
"1261","suppose"
"1262","administrative"
"1263","input"
"1264","ray"
"1265","relationship"
"1266","permit"
"1267","learn"
"1268","encourage"
"1269","enjoy"
"1270","parquet"
"1271","rod"
"1272","thus"
"1273","town"
"1274","he"
"1275","affect"
"1276","randy"
"1277","replace"
"1278","announcement"
"1279","willing"
"1280","cst"
"1281","if"
"1282","janet"
"1283","story"
"1284","tonight"
"1285","transact"
"1286","attached"
"1287","greeting"
"1288","hedge"
"1289","listing"
"1290","noon"
"1291","core"
"1292","el"
"1293","extend"
"1294","conduct"
"1295","connection"
"1296","pge"
"1297","profile"
"1298","republican"
"1299","life"
"1300","la"
"1301","morgan"
"1302","anyway"
"1303","approximately"
"1304","barry"
"1305","grant"
"1306","craig"
"1307","assembly"
"1308","overall"
"1309","picture"
"1310","index"
"1311","sf"
"1312","target"
"1313","choice"
"1314","collins"
"1315","entire"
"1316","feedback"
"1317","liz"
"1318","maintain"
"1319","outline"
"1320","washington"
"1321","da"
"1322","deadline"
"1323","friend"
"1324","bind"
"1325","bowen"
"1326","diego"
"1327","finish"
"1328","improve"
"1329","hit"
"1330","certainly"
"1331","performance"
"1332","agent"
"1333","lees"
"1334","buyer"
"1335","regulation"
"1336","pre"
"1337","choose"
"1338","acceptance"
"1339","jonathan"
"1340","legislation"
"1341","sole"
"1342","wonder"
"1343","half"
"1344","bryan"
"1345","chair"
"1346","reasonable"
"1347","ross"
"1348","sullivan"
"1349","tammie"
"1350","dow"
"1351","of"
"1352","jr"
"1353","7751"
"1354","division"
"1355","particularly"
"1356","hodge"
"1357","cancel"
"1358","wrong"
"1359","bear"
"1360","berkeley"
"1361","lynch"
"1362","east"
"1363","90"
"1364","this"
"1365","unite"
"1366","secure"
"1367","privileged"
"1368","782"
"1369","unfortunately"
"1370","host"
"1371","generally"
"1372","spreadsheet"
"1373","whatever"
"1374","lotus"
"1375","met"
"1376","moore"
"1377","ball"
"1378","gosnell"
"1379","iii"
"1380","insure"
"1381","parent"
"1382","own"
"1383","patel"
"1384","paula"
"1385","balance"
"1386","challenge"
"1387","school"
"1388","teresa"
"1389","useful"
"1390","mday"
"1391","monitor"
"1392","production"
"1393","amy"
"1394","front"
"1395","highlight"
"1396","family"
"1397","shari"
"1398","immediate"
"1399","keith"
"1400","glad"
"1401","oct"
"1402","single"
"1403","young"
"1404","phil"
"1405","robertson"
"1406","space"
"1407","kent"
"1408","baker"
"1409","aronowitz"
"1410","wireless"
"1411","marty"
"1412","applicable"
"1413","better"
"1414","box"
"1415","brenda"
"1416","delainey"
"1417","peak"
"1418","peggy"
"1419","provider"
"1420","stack"
"1421","thompson"
"1422","govenar"
"1423","partner"
"1424","piece"
"1425","describe"
"1426","apparently"
"1427","los"
"1428","medium"
"1429","portion"
"1430","angeles"
"1431","by"
"1432","commissioner"
"1433","stanley"
"1434","card"
"1435","patti"
"1436","prevent"
"1437","govadv"
"1438","it"
"1439","iepa"
"1440","speed"
"1441","subsidiary"
"1442","60"
"1443","worry"
"1444","schoppe"
"1445","seems"
"1446","sfo"
"1447","association"
"1448","default"
"1449","actual"
"1450","only"
"1451","loss"
"1452","melissa"
"1453","model"
"1454","nov"
"1455","clearly"
"1456","julie"
"1457","topic"
"1458","janel"
"1459","ltd"
"1460","authorized"
"1461","oppose"
"1462","perspective"
"1463","political"
"1464","possibility"
"1465","draw"
"1466","extremely"
"1467","definition"
"1468","factor"
"1469","smutny"
"1470","ticket"
"1471","recall"
"1472","reliantenergy"
"1473","bottom"
"1474","handling"
"1475","hartsoe"
"1476","affiliates"
"1477","apology"
"1478","feb"
"1479","guerrero"
"1480","hello"
"1481","hotel"
"1482","instruction"
"1483","practice"
"1484","promise"
"1485","operator"
"1486","retain"
"1487","blackberry"
"1488","cindy"
"1489","commitment"
"1490","novosel"
"1491","nymex"
"1492","shults"
"1493","six"
"1494","sgovenar"
"1495","sharp"
"1496","success"
"1497","theyre"
"1498","producer"
"1499","acceptable"
"1500","nature"
"1501","favor"
"1502","deregulation"
"1503","emergency"
"1504","especially"
"1505","patrick"
"1506","regulator"
"1507","worth"
"1508","glover"
"1509","terminate"
"1510","transportation"
"1511","lindsay"
"1512","megawatt"
"1513","gtbl"
"1514","haas"
"1515","contribute"
"1516","currency"
"1517","definitely"
"1518","phillip"
"1519","package"
"1520","presto"
"1521","revision"
"1522","expense"
"1523","almost"
"1524","foster"
"1525","worksheet"
"1526","wouldnt"
"1527","lombardi"
"1528","maria"
"1529","off"
"1530","external"
"1531","including"
"1532","specialist"
"1533","stuff"
"1534","study"
"1535","anderson"
"1536","completely"
"1537","primary"
"1538","profit"
"1539","publish"
"1540","recommendation"
"1541","rise"
"1542","youll"
"1543","flynn"
"1544","govern"
"1545","cooper"
"1546","dale"
"1547","exposure"
"1548","copyright"
"1549","curtis"
"1550","define"
"1551","double"
"1552","enforceable"
"1553","pdf"
"1554","quality"
"1555","prompt"
"1556","px"
"1557","quarter"
"1558","expand"
"1559","technical"
"1560","trust"
"1561","combine"
"1562","hereto"
"1563","wall"
"1564","advice"
"1565","200"
"1566","usual"
"1567","percent"
"1568","pr"
"1569","richardson"
"1570","margin"
"1571","matt"
"1572","mona"
"1573","dec"
"1574","eliminate"
"1575","eta"
"1576","collateral"
"1577","gen"
"1578","handheld"
"1579","introduce"
"1580","gain"
"1581","participation"
"1582","realize"
"1583","region"
"1584","air"
"1585","border"
"1586","busy"
"1587","conclude"
"1588","danny"
"1589","coordinator"
"1590","feature"
"1591","gtc"
"1592","leadership"
"1593","monthly"
"1594","oday"
"1595","anticipate"
"1596","commerce"
"1597","owe"
"1598","sager"
"1599","perfect"
"1600","resume"
"1601","hedy"
"1602","judge"
"1603","communicate"
"1604","wasnt"
"1605","wes"
"1606","msn"
"1607","throughout"
"1608","consistent"
"1609","couldnt"
"1610","dean"
"1611","vicki"
"1612","youve"
"1613","gtcs"
"1614","hotmail"
"1615","grow"
"1616","hare"
"1617","jurisdiction"
"1618","ron"
"1619","1st"
"1620","modify"
"1621","no"
"1622","x5"
"1623","youd"
"1624","dennis"
"1625","environment"
"1626","ext"
"1627","availability"
"1628","cause"
"1629","ceo"
"1630","competitive"
"1631","greenberg"
"1632","hain"
"1633","jackp"
"1634","successful"
"1635","text"
"1636","petrochko"
"1637","disclose"
"1638","mcvicker"
"1639","screen"
"1640","speaker"
"1641","adam"
"1642","6002"
"1643","true"
"1644","tw"
"1645","normal"
"1646","annual"
"1647","common"
"1648","happens"
"1649","red"
"1650","x6"
"1651","pelote"
"1652","jana"
"1653","button"
"1654","carter"
"1655","tariff"
"1656","rebecca"
"1657","reject"
"1658","pursuant"
"1659","road"
"1660","angela"
"1661","australia"
"1662","behind"
"1663","brokerage"
"1664","gcp"
"1665","juana"
"1666","meredith"
"1667","mobile"
"1668","exception"
"1669","extent"
"1670","fayett"
"1671","economic"
"1672","estoppel"
"1673","flight"
"1674","fx"
"1675","pigott"
"1676","prc"
"1677","pursue"
"1678","chart"
"1679","commit"
"1680","merger"
"1681","nda"
"1682","kathy"
"1683","blackout"
"1684","campos"
"1685","cdt"
"1686","simple"
"1687","vp"
"1688","lawner"
"1689","metal"
"1690","888"
"1691","secretary"
"1692","sometime"
"1693","trang"
"1694","forget"
"1695","fpl"
"1696","history"
"1697","kate"
"1698","community"
"1699","catch"
"1700","failure"
"1701","operating"
"1702","register"
"1703","restrict"
"1704","jordan"
"1705","75"
"1706","split"
"1707","diebner"
"1708","eei"
"1709","morse"
"1710","anthony"
"1711","block"
"1712","regular"
"1713","respective"
"1714","investigation"
"1715","grid"
"1716","stacy"
"1717","tie"
"1718","platform"
"1719","bev"
"1720","burton"
"1721","arise"
"1722","christi"
"1723","compliance"
"1724","industrial"
"1725","nguyen"
"1726","offering"
"1727","engage"
"1728","recognize"
"1729","task"
"1730","template"
"1731","title"
"1732","season"
"1733","sharon"
"1734","spread"
"1735","taffy"
"1736","maley"
"1737","apologize"
"1738","ronan"
"1739","ab"
"1740","despite"
"1741","darren"
"1742","diane"
"1743","edmund"
"1744","ngo"
"1745","sept"
"1746","smtp"
"1747","gordon"
"1748","infrastructure"
"1749","journal"
"1750","compare"
"1751","refund"
"1752","pressure"
"1753","rating"
"1754","who"
"1755","municipal"
"1756","arnold"
"1757","background"
"1758","candidate"
"1759","janette"
"1760","implementation"
"1761","voicemail"
"1762","settle"
"1763","consideration"
"1764","auction"
"1765","circulate"
"1766","advantage"
"1767","left"
"1768","lednicky"
"1769","milnthorp"
"1770","size"
"1771","stage"
"1772","tycholiz"
"1773","hill"
"1774","hire"
"1775","katie"
"1776","piper"
"1777","preliminary"
"1778","rep"
"1779","decline"
"1780","enable"
"1781","european"
"1782","cent"
"1783","comprehensive"
"1784","all"
"1785","calculate"
"1786","hoffman"
"1787","xl"
"1788","yahoo"
"1789","skean"
"1790","spent"
"1791","sufficient"
"1792","trouble"
"1793","curt"
"1794","exceed"
"1795","organize"
"1796","positive"
"1797","receipt"
"1798","regulate"
"1799","related"
"1800","relation"
"1801","saw"
"1802","owner"
"1803","paralegal"
"1804","wanda"
"1805","component"
"1806","neal"
"1807","negative"
"1808","hgovenar"
"1809","fwd"
"1810","got"
"1811","marketer"
"1812","reliant"
"1813","collect"
"1814","colwell"
"1815","davies"
"1816","designate"
"1817","1998"
"1818","adams"
"1819","origination"
"1820","pa"
"1821","fuel"
"1822","iep"
"1823","we"
"1824","king"
"1825","legally"
"1826","none"
"1827","confirms"
"1828","curtis_l_kebler"
"1829","dorothy"
"1830","elbertson"
"1831","field"
"1832","al"
"1833","allocate"
"1834","calgary"
"1835","causey"
"1836","seiworldwide"
"1837","significantly"
"1838","transition"
"1839","senator"
"1840","usually"
"1841","walter"
"1842","win"
"1843","operational"
"1844","prentice"
"1845","restriction"
"1846","robinson"
"1847","hertzberg"
"1848","joer"
"1849","appears"
"1850","calculation"
"1851","kristin"
"1852","economy"
"1853","enclose"
"1854","eslawfirm"
"1855","estate"
"1856","count"
"1857","excite"
"1858","possibly"
"1859","round"
"1860","webb"
"1861","with"
"1862","knowledge"
"1863","ogden"
"1864","fit"
"1865","kaplan"
"1866","brad"
"1867","carry"
"1868","clarify"
"1869","park"
"1870","ponder"
"1871","radous"
"1872","reduction"
"1873","ref"
"1874","union"
"1875","university"
"1876","jenny"
"1877","kebler"
"1878","liability"
"1879","nearly"
"1880","recover"
"1881","beyond"
"1882","calif"
"1883","cameron"
"1884","achieve"
"1885","fernley"
"1886","gm"
"1887","spokesman"
"1888","tm"
"1889","todd"
"1890","treat"
"1891","serious"
"1892","surprise"
"1893","toward"
"1894","abb"
"1895","originally"
"1896","range"
"1897","nicolay"
"1898","buying"
"1899","comfortable"
"1900","gone"
"1901","janine"
"1902","huge"
"1903","loretta"
"1904","not"
"1905","shop"
"1906","specify"
"1907","portfolio"
"1908","professional"
"1909","ratepayer"
"1910","ryan"
"1911","foreign"
"1912","kaye"
"1913","7th"
"1914","lack"
"1915","log"
"1916","moment"
"1917","netco"
"1918","assumption"
"1919","audit"
"1920","cabaker"
"1921","exactly"
"1922","richter"
"1923","seat"
"1924","sen"
"1925","software"
"1926","stout"
"1927","ten"
"1928","tribolet"
"1929","upcoming"
"1930","arm"
"1931","oh"
"1932","koch"
"1933","license"
"1934","marcus"
"1935","mistake"
"1936","consultant"
"1937","150"
"1938","basic"
"1939","carlson"
"1940","warburg"
"1941","wendi"
"1942","you"
"1943","extension"
"1944","keohane"
"1945","method"
"1946","rogers"
"1947","argument"
"1948","boston"
"1949","brazil"
"1950","car"
"1951","clarke"
"1952","laurel"
"1953","lebrocq"
"1954","manner"
"1955","matthew"
"1956","merchant"
"1957","debra"
"1958","efficient"
"1959","evaluate"
"1960","freeze"
"1961","invitation"
"1962","reservation"
"1963","5th"
"1964","convenience"
"1965","dissemination"
"1966","nam"
"1967","often"
"1968","registration"
"1969","rllamkin"
"1970","greatly"
"1971","growth"
"1972","howard"
"1973","integrate"
"1974","suspend"
"1975","urge"
"1976","at"
"1977","broad"
"1978","certificate"
"1979","whitehead"
"1980","worldwide"
"1981","wright"
"1982","250"
"1983","forth"
"1984","gather"
"1985","gngr"
"1986","hatton"
"1987","integration"
"1988","paso"
"1989","pool"
"1990","perform"
"1991","working"
"1992","solve"
"1993","store"
"1994","training"
"1995","travis"
"1996","dhunter"
"1997","argue"
"1998","bridge"
"1999","former"
"2000","hereby"
"2001","microsoft"
"2002","neuner"
"2003","400"
"2004","accurate"
"2005","adopt"
"2006","4th"
"2007","adnan"
"2008","depend"
"2009","desire"
"2010","escalante"
"2011","fair"
"2012","okay"
"2013","reform"
"2014","shift"
"2015","stewart"
"2016","lewis"
"2017","minimum"
"2018","mw"
"2019","imceanotes"
"2020","impose"
"2021","gillette"
"2022","intent"
"2023","panel"
"2024","phase"
"2025","pls"
"2026","300"
"2027","consent"
"2028","derek"
"2029","man"
"2030","mcfadden"
"2031","milligan"
"2032","newell"
"2033","lale"
"2034","leite"
"2035","mirant"
"2036","mon"
"2037","fri"
"2038","hughes"
"2039","jeremy"
"2040","pinto"
"2041","sam"
"2042","sample"
"2043","alex"
"2044","automatically"
"2045","christian"
"2046","colleague"
"2047","slide"
"2048","so"
"2049","steve_ponder"
"2050","sun"
"2051","van"
"2052","food"
"2053","green"
"2054","lloyd"
"2055","luce"
"2056","neil"
"2057","notification"
"2058","damage"
"2059","download"
"2060","principal"
"2061","powersrc"
"2062","preparation"
"2063","pulp"
"2064","float"
"2065","jane"
"2066","above"
"2067","accordingly"
"2068","walker"
"2069","shively"
"2070","shown"
"2071","slightly"
"2072","soos"
"2073","sr"
"2074","strike"
"2075","timely"
"2076","connie"
"2077","dallas"
"2078","easily"
"2079","ec"
"2080","facilitate"
"2081","await"
"2082","commence"
"2083","loan"
"2084","meantime"
"2085","neither"
"2086","koehler"
"2087","maintenance"
"2088","whose"
"2089","gough"
"2090","guidroz"
"2091","hap"
"2092","inquiry"
"2093","jmball"
"2094","kassandra"
"2095","blame"
"2096","congratulation"
"2097","crude"
"2098","discount"
"2099","edit"
"2100","essentially"
"2101","expedite"
"2102","zipper"
"2103","landwehr"
"2104","luck"
"2105","majority"
"2106","objective"
"2107","refuse"
"2108","3399"
"2109","650"
"2110","70"
"2111","survey"
"2112","formal"
"2113","frazier"
"2114","hot"
"2115","jackson"
"2116","japan"
"2117","john_h_stout"
"2118","hyde"
"2119","investigate"
"2120","julee"
"2121","exercise"
"2122","expensive"
"2123","explorer"
"2124","mellencamp"
"2125","mexico"
"2126","somewhat"
"2127","spring"
"2128","theriot"
"2129","utilize"
"2130","belief"
"2131","concept"
"2132","80"
"2133","environmental"
"2134","palmerton"
"2135","walk"
"2136","broadband"
"2137","kenneth"
"2138","kgough"
"2139","series"
"2140","shut"
"2141","suzanne"
"2142","sweet"
"2143","switch"
"2144","rhonda"
"2145","confusion"
"2146","duane"
"2147","excess"
"2148","fast"
"2149","40enron"
"2150","95"
"2151","human"
"2152","legislator"
"2153","multiple"
"2154","newly"
"2155","absence"
"2156","active"
"2157","recovery"
"2158","rich"
"2159","sa"
"2160","sonya"
"2161","conservation"
"2162","dietrich"
"2163","district"
"2164","donald"
"2165","arent"
"2166","attendee"
"2167","becky"
"2168","below"
"2169","allocation"
"2170","bp"
"2171","but"
"2172","chuck"
"2173","strategic"
"2174","stuart"
"2175","lhom"
"2176","primarily"
"2177","curve"
"2178","dept"
"2179","ellis"
"2180","fercs"
"2181","fulton"
"2182","income"
"2183","hasnt"
"2184","julia"
"2185","merrill"
"2186","argentina"
"2187","bhansen"
"2188","carrie"
"2189","2ecom"
"2190","2nd"
"2191","7822"
"2192","search"
"2193","suit"
"2194","tool"
"2195","ultimately"
"2196","venture"
"2197","effectively"
"2198","election"
"2199","explanation"
"2200","extra"
"2201","window"
"2202","onto"
"2203","path"
"2204","proceeding"
"2205","rwhyde"
"2206","port"
"2207","recruit"
"2208","281"
"2209","61"
"2210","ag"
"2211","malinowski"
"2212","garcia"
"2213","amber"
"2214","burn"
"2215","castillo"
"2216","chase"
"2217","christine"
"2218","wide"
"2219","sylvia"
"2220","url"
"2221","deem"
"2222","dickson"
"2223","diligence"
"2224","egm"
"2225","equal"
"2226","doubt"
"2227","8160"
"2228","login"
"2229","migrate"
"2230","valuable"
"2231","californian"
"2232","vickers"
"2233","owned"
"2234","quantity"
"2235","confuse"
"2236","democrat"
"2237","enas"
"2238","clause"
"2239","coal"
"2240","mcdonald"
"2241","shankman"
"2242","storage"
"2243","sub"
"2244","shortage"
"2245","spending"
"2246","strongly"
"2247","terry"
"2248","tight"
"2249","tomeo"
"2250","ongoing"
"2251","rescalante"
"2252","riobravo"
"2253","rsvp"
"2254","acquire"
"2255","adjustment"
"2256","advocate"
"2257","weisgall"
"2258","woman"
"2259","lamkin"
"2260","construction"
"2261","contractual"
"2262","denton"
"2263","alvarez"
"2264","assessment"
"2265","capture"
"2266","coleman"
"2267","apollo"
"2268","capability"
"2269","chapman"
"2270","clint"
"2271","3393"
"2272","sutton"
"2273","threshold"
"2274","freeman"
"2275","incentive"
"2276","davy"
"2277","faith"
"2278","finding"
"2279","volatility"
"2280","lagrasta"
"2281","louis"
"2282","match"
"2283","mcconnell"
"2284","leff"
"2285","mandola"
"2286","mechanism"
"2287","steel"
"2288","thermoecotek"
"2289","thu"
"2290","7095"
"2291","austin"
"2292","bush"
"2293","circumstance"
"2294","sayre"
"2295","video"
"2296","initially"
"2297","difficulty"
"2298","dispute"
"2299","door"
"2300","embedded"
"2301","exact"
"2302","fairly"
"2303","clickpaper"
"2304","competition"
"2305","kerner"
"2306","kid"
"2307","mwh"
"2308","noncore"
"2309","1996"
"2310","3rd"
"2311","guest"
"2312","interim"
"2313","jweisgall"
"2314","kathleen"
"2315","pager"
"2316","potentially"
"2317","repay"
"2318","warn"
"2319","warner"
"2320","litigation"
"2321","lobby"
"2322","mrwassoc"
"2323","dwrs"
"2324","ene"
"2325","erms"
"2326","spike"
"2327","treasury"
"2328","twetzel"
"2329","author"
"2330","bar"
"2331","carl"
"2332","pro"
"2333","protection"
"2334","rbw"
"2335","rush"
"2336","goldman"
"2337","import"
"2338","instrument"
"2339","greco"
"2340","intends"
"2341","socalgas"
"2342","urgent"
"2343","lance"
"2344","wetzel"
"2345","down"
"2346","patricia"
"2347","pc"
"2348","preference"
"2349","reliability"
"2350","bet"
"2351","body"
"2352","chat"
"2353","closing"
"2354","column"
"2355","self"
"2356","separately"
"2357","server"
"2358","shes"
"2359","sincerely"
"2360","thome"
"2361","timeline"
"2362","hell"
"2363","pacbell"
"2364","paula_soos"
"2365","personally"
"2366","3488"
"2367","dana"
"2368","debate"
"2369","duran"
"2370","sector"
"2371","sponsor"
"2372","that"
"2373","transwestern"
"2374","alone"
"2375","ap"
"2376","assure"
"2377","att"
"2378","bcc"
"2379","ben"
"2380","campaign"
"2381","yoder"
"2382","lafuze"
"2383","logistics"
"2384","2308"
"2385","98"
"2386","redmond"
"2387","rjhickok"
"2388","safe"
"2389","procurement"
"2390","promotion"
"2391","sablaw"
"2392","satisfy"
"2393","shareholder"
"2394","shouldnt"
"2395","simon"
"2396","tab"
"2397","uaecorp"
"2398","eisenman"
"2399","15th"
"2400","agreed"
"2401","hickok"
"2402","joint"
"2403","max"
"2404","mcnallytemple"
"2405","mine"
"2406","minns"
"2407","kmccrea"
"2408","kyle"
"2409","limitation"
"2410","munoz"
"2411","sdg"
"2412","uncertainty"
"2413","sb"
"2414","billw"
"2415","coalition"
"2416","completion"
"2417","fly"
"2418","htm"
"2419","ious"
"2420","connect"
"2421","county"
"2422","earnings"
"2423","eligible"
"2424","esp"
"2425","11th"
"2426","206"
"2427","acquisition"
"2428","adequate"
"2429","advisor"
"2430","reporter"
"2431","rub"
"2432","loop"
"2433","mccullough"
"2434","mix"
"2435","noske"
"2436","wear"
"2437","went"
"2438","wfhall2"
"2439","solicitation"
"2440","terri"
"2441","thanksgiving"
"2442","threaten"
"2443","underlie"
"2444","consulting"
"2445","dc"
"2446","dedicate"
"2447","dick"
"2448","ebow"
"2449","browser"
"2450","complex"
"2451","ford"
"2452","gilbert"
"2453","ground"
"2454","ignore"
"2455","initiative"
"2456","insert"
"2457","folder"
"2458","going"
"2459","jose"
"2460","outcome"
"2461","overview"
"2462","promote"
"2463","qualify"
"2464","reliable"
"2465","robertmondavi"
"2466","503"
"2467","larrea"
"2468","lawsuit"
"2469","suspension"
"2470","tech"
"2471","treasurer"
"2472","truly"
"2473","twice"
"2474","deny"
"2475","eileen"
"2476","ellery"
"2477","emission"
"2478","conf"
"2479","eastern"
"2480","emerge"
"2481","addressee"
"2482","forum"
"2483","heffernan"
"2484","initiate"
"2485","wayne"
"2486","werent"
"2487","percentage"
"2488","retention"
"2489","rita"
"2490","sanders"
"2491","sherriff"
"2492","signal"
"2493","suspect"
"2494","suttle"
"2495","testing"
"2496","upgrade"
"2497","anna"
"2498","basically"
"2499","cathy"
"2500","complaint"
"2501","mou"
"2502","marty_mcfadden"
"2503","mass"
"2504","mpalmer"
"2505","nord"
"2506","ward"
"2507","willey"
"2508","winter"
"2509","3831"
"2510","derosa"
"2511","dkk"
"2512","eb4102"
"2513","english"
"2514","eye"
"2515","fear"
"2516","gate"
"2517","highly"
"2518","introduction"
"2519","isenberg"
"2520","jmunoz"
"2521","jump"
"2522","americas"
"2523","benevides"
"2524","californias"
"2525","cite"
"2526","ought"
"2527","oversight"
"2528","pete"
"2529","sander"
"2530","stick"
"2531","ss"
"2532","coordination"
"2533","dnelsen"
"2534","equipment"
"2535","liquid"
"2536","listen"
"2537","mailbox"
"2538","palo"
"2539","partnership"
"2540","player"
"2541","rank"
"2542","reaction"
"2543","scale"
"2544","fitzgerald"
"2545","follows"
"2546","grigsby"
"2547","held"
"2548","insurance"
"2549","isdas"
"2550","aim"
"2551","award"
"2552","cheap"
"2553","closely"
"2554","attack"
"2555","avenue"
"2556","beach"
"2557","bonus"
"2558","caithnessenergy"
"2559","consolidate"
"2560","democratic"
"2561","elliott"
"2562","entitle"
"2563","everyones"
"2564","scenario"
"2565","singapore"
"2566","tue"
"2567","undercollection"
"2568","valley"
"2569","vanek"
"2570","wind"
"2571","writer"
"2572","__________________________________________________"
"2573","65"
"2574","aa"
"2575","from"
"2576","health"
"2577","html"
"2578","incur"
"2579","inside"
"2580","khoffman"
"2581","middle"
"2582","murray"
"2583","oconnell"
"2584","perez"
"2585","reeves"
"2586","sat"
"2587","regional"
"2588","sacks"
"2589","correction"
"2590","counter"
"2591","elect"
"2592","felt"
"2593","bilateral"
"2594","caiso"
"2595","chicago"
"2596","christina"
"2597","cmta"
"2598","sec"
"2599","skilling"
"2600","student"
"2601","substantial"
"2602","told"
"2603","kill"
"2604","lawmaker"
"2605","margaret"
"2606","normally"
"2607","2003"
"2608","20th"
"2609","acknowledge"
"2610","additionally"
"2611","gosselin"
"2612","hmot"
"2613","implication"
"2614","instance"
"2615","passcode"
"2616","ring"
"2617","sandi"
"2618","walton"
"2619","worldnet"
"2620","deborah"
"2621","device"
"2622","elliottsa"
"2623","exempt"
"2624","schultz"
"2625","sentence"
"2626","strand"
"2627","sum"
"2628","unclear"
"2629","usgen"
"2630","laurie"
"2631","linnell"
"2632","maker"
"2633","melba"
"2634","merge"
"2635","minor"
"2636","lara"
"2637","maximum"
"2638","meanwhile"
"2639","mm"
"2640","necessarily"
"2641","yoho"
"2642","fundamental"
"2643","hickerson"
"2644","hillis"
"2645","holding"
"2646","improvement"
"2647","kathryn"
"2648","appeal"
"2649","australian"
"2650","billy"
"2651","coast"
"2652","redline"
"2653","subsequent"
"2654","throw"
"2655","confident"
"2656","creditor"
"2657","destroy"
"2658","drink"
"2659","element"
"2660","expectation"
"2661","convert"
"2662","decrease"
"2663","ectric"
"2664","enw"
"2665","aside"
"2666","booth"
"2667","cob"
"2668","land"
"2669","lozano"
"2670","functionality"
"2671","image"
"2672","interstate"
"2673","invoice"
"2674","shipper"
"2675","socal"
"2676","spi"
"2677","theresa"
"2678","thru"
"2679","0500"
"2680","12th"
"2681","253"
"2682","opposition"
"2683","relief"
"2684","pst"
"2685","rto"
"2686","kerry"
"2687","kick"
"2688","lift"
"2689","livelink"
"2690","constitute"
"2691","contribution"
"2692","desktop"
"2693","determination"
"2694","divide"
"2695","fielder"
"2696","violate"
"2697","approx"
"2698","child"
"2699","6th"
"2700","fire"
"2701","frequently"
"2702","frevert"
"2703","ind"
"2704","intention"
"2705","interesting"
"2706","sometimes"
"2707","scope"
"2708","spell"
"2709","timothy"
"2710","trigger"
"2711","usa"
"2712","velaw"
"2713","mill"
"2714","mother"
"2715","nation"
"2716","newswires"
"2717","philippe"
"2718","prove"
"2719","psellers"
"2720","relative"
"2721","conclusion"
"2722","earn"
"2723","epenergy"
"2724","expert"
"2725","familiar"
"2726","heat"
"2727","holly"
"2728","appoint"
"2729","birthday"
"2730","briefly"
"2731","christmas"
"2732","cole"
"2733","compete"
"2734","8th"
"2735","admin"
"2736","464"
"2737","707"
"2738","absolutely"
"2739","over"
"2740","raymond"
"2741","sensitive"
"2742","ubsw"
"2743","laughlin"
"2744","mcmahon"
"2745","mile"
"2746","mom"
"2747","alert"
"2748","authorization"
"2749","baughman"
"2750","category"
"2751","dunn"
"2752","eat"
"2753","exemption"
"2754","fawcett"
"2755","gossett"
"2756","guideline"
"2757","hedstrom"
"2758","iliff"
"2759","inactivate"
"2760","iris"
"2761","janice"
"2762","framework"
"2763","gerald"
"2764","girl"
"2765","imagine"
"2766","institute"
"2767","invest"
"2768","kelley"
"2769","sean"
"2770","slow"
"2771","solely"
"2772","sooner"
"2773","variety"
"2774","13th"
"2775","208"
"2776","accounting"
"2777","wine"
"2778","wonderful"
"2779","palm"
"2780","poor"
"2781","publication"
"2782","reef"
"2783","reschedule"
"2784","restore"
"2785","coral"
"2786","council"
"2787","csfb"
"2788","dean_gosselin"
"2789","del"
"2790","delaney"
"2791","feed"
"2792","mba"
"2793","mcnally"
"2794","aint"
"2795","airport"
"2796","bellery"
"2797","blachman"
"2798","club"
"2799","comply"
"2800","aparna"
"2801","aspect"
"2802","blackline"
"2803","blumenthal"
"2804","brbarkovich"
"2805","cody"
"2806","wastemanagement"
"2807","william_carlson"
"2808","wire"
"2809","selection"
"2810","ship"
"2811","temporary"
"2812","tough"
"2813","gonzalez"
"2814","hang"
"2815","hawkins"
"2816","jefferson"
"2817","joan"
"2818","kelli"
"2819","10am"
"2820","600"
"2821","acomnes"
"2822","lindberg"
"2823","marilyn"
"2824","nelsen"
"2825","object"
"2826","objection"
"2827","patience"
"2828","principle"
"2829","qf"
"2830","regardless"
"2831","restructuring"
"2832","river"
"2833","sachs"
"2834","contains"
"2835","degree"
"2836","dr"
"2837","earliest"
"2838","demonstrate"
"2839","detailed"
"2840","dj"
"2841","dowjones"
"2842","eileenk"
"2843","exhibit"
"2844","fight"
"2845","glen"
"2846","ie"
"2847","individually"
"2848","internally"
"2849","weisenmiller"
"2850","zufferli"
"2851","briggs"
"2852","buchanan"
"2853","carefully"
"2854","shot"
"2855","streamline"
"2856","tammy"
"2857","usd"
"2858","olson"
"2859","originator"
"2860","penalty"
"2861","perlman"
"2862","perrino"
"2863","portz"
"2864","2600"
"2865","30th"
"2866","7906"
"2867","accomplish"
"2868","martha"
"2869","modification"
"2870","nick"
"2871","migden"
"2872","norton"
"2873","alto"
"2874","bell"
"2875","bunch"
"2876","compile"
"2877","forecast"
"2878","gap"
"2879","correctly"
"2880","criterion"
"2881","domestic"
"2882","dominic"
"2883","employment"
"2884","excellent"
"2885","exit"
"2886","expansion"
"2887","zero"
"2888","00pm"
"2889","9th"
"2890","shona"
"2891","treatment"
"2892","tweed"
"2893","quarterly"
"2894","remind"
"2895","sap"
"2896","overlay"
"2897","ownership"
"2898","representation"
"2899","scan"
"2900","continental"
"2901","denis"
"2902","deutsche"
"2903","duty"
"2904","efficiency"
"2905","ex"
"2906","badeer"
"2907","compromise"
"2908","mann"
"2909","md"
"2910","mess"
"2911","northern"
"2912","gross"
"2913","jon"
"2914","justify"
"2915","slip"
"2916","supervisor"
"2917","viverito"
"2918","whenever"
"2919","will"
"2920","750"
"2921","202"
"2922","3923"
"2923","3e"
"2924","lawrence"
"2925","mar"
"2926","offline"
"2927","cool"
"2928","coverage"
"2929","crazy"
"2930","cromwell"
"2931","drothrock"
"2932","eight"
"2933","premium"
"2934","prime"
"2935","residential"
"2936","rmt"
"2937","attendance"
"2938","benson"
"2939","buckley"
"2940","cftc"
"2941","henry"
"2942","herndon"
"2943","hole"
"2944","jeffery"
"2945","siliff"
"2946","soar"
"2947","suffer"
"2948","testimony"
"2949","timing"
"2950","totally"
"2951","tues"
"2952","typically"
"2953","unlikely"
"2954","southard"
"2955","theyll"
"2956","thurs"
"2957","pdt"
"2958","rgds"
"2959","robin"
"2960","ruling"
"2961","length"
"2962","montovano"
"2963","1997"
"2964","877"
"2965","consult"
"2966","epsa"
"2967","exclude"
"2968","fell"
"2969","finger"
"2970","gerard"
"2971","golf"
"2972","hydro"
"2973","versus"
"2974","allison"
"2975","aucoin"
"2976","baby"
"2977","blank"
"2978","brother"
"2979","chamber"
"2980","colleen"
"2981","antonio"
"2982","beverly"
"2983","caroline"
"2984","900"
"2985","9897"
"2986","accommodate"
"2987","orientation"
"2988","pleasure"
"2989","rahil"
"2990","rajaram"
"2991","reality"
"2992","saving"
"2993","spoken"
"2994","style"
"2995","theyve"
"2996","towards"
"2997","transport"
"2998","valid"
"2999","llgm"
"3000","machine"
